Num Tests, Num Challenges, Num Unsolved, Num Solved, Num Failed,
0, 0, 1399, 0, 0,
0, 0, 1399, 1, 0,
1, 1, 1398, 2, 0,
2, 1, 1397, 3, 0,
3, 1, 1396, 4, 0,
4, 1, 1395, 5, 0,
5, 1, 1394, 6, 0,
6, 1, 1393, 7, 0,
7, 1, 1392, 8, 0,
8, 1, 1391, 9, 0,
9, 1, 1390, 10, 0,
10, 1, 1389, 11, 0,
11, 1, 1388, 12, 0,
12, 1, 1387, 13, 0,
13, 1, 1386, 14, 0,
14, 1, 1385, 15, 0,
15, 1, 1384, 16, 0,
16, 1, 1383, 17, 0,
17, 1, 1382, 18, 0,
18, 1, 1381, 19, 0,
19, 1, 1380, 20, 0,
20, 1, 1379, 21, 0,
21, 1, 1378, 22, 0,
22, 1, 1377, 23, 0,
23, 1, 1376, 24, 0,
24, 1, 1375, 25, 0,
25, 1, 1374, 26, 0,
26, 1, 1373, 27, 0,
27, 1, 1372, 28, 0,
28, 1, 1371, 29, 0,
29, 1, 1370, 30, 0,
30, 1, 1369, 31, 0,
31, 1, 1368, 32, 0,
32, 1, 1367, 33, 0,
33, 1, 1366, 34, 0,
34, 1, 1365, 35, 0,
35, 1, 1364, 36, 0,
36, 1, 1363, 37, 0,
37, 1, 1362, 38, 0,
38, 1, 1361, 39, 0,
39, 1, 1360, 40, 0,
40, 1, 1359, 41, 0,
41, 1, 1358, 42, 0,
42, 1, 1357, 43, 0,
43, 1, 1356, 44, 0,
44, 1, 1355, 45, 0,
45, 1, 1354, 46, 0,
46, 1, 1353, 47, 0,
47, 1, 1352, 48, 0,
48, 1, 1351, 49, 0,
49, 1, 1350, 50, 0,
50, 1, 1349, 51, 0,
51, 1, 1348, 52, 0,
52, 1, 1347, 53, 0,
53, 1, 1346, 54, 0,
54, 1, 1345, 55, 0,
55, 1, 1344, 56, 0,
56, 1, 1343, 57, 0,
57, 1, 1342, 58, 0,
58, 1, 1341, 59, 0,
59, 1, 1340, 60, 0,
60, 1, 1339, 61, 0,
61, 1, 1338, 62, 0,
62, 1, 1337, 63, 0,
63, 1, 1336, 64, 0,
64, 1, 1335, 65, 0,
65, 1, 1334, 66, 0,
66, 1, 1333, 67, 0,
67, 1, 1332, 68, 0,
68, 1, 1331, 69, 0,
69, 1, 1330, 70, 0,
70, 1, 1329, 71, 0,
71, 1, 1328, 72, 0,
72, 1, 1327, 73, 0,
73, 1, 1326, 74, 0,
74, 1, 1325, 75, 0,
75, 1, 1324, 76, 0,
76, 1, 1323, 77, 0,
77, 1, 1322, 78, 0,
78, 1, 1321, 79, 0,
79, 1, 1320, 80, 0,
80, 1, 1319, 81, 0,
81, 1, 1318, 82, 0,
82, 1, 1317, 83, 0,
83, 1, 1316, 84, 0,
84, 1, 1315, 85, 0,
85, 1, 1314, 86, 0,
86, 1, 1313, 87, 0,
87, 1, 1312, 88, 0,
88, 1, 1311, 89, 0,
89, 1, 1310, 90, 0,
90, 1, 1309, 91, 0,
91, 1, 1308, 92, 0,
92, 1, 1307, 93, 0,
93, 1, 1306, 94, 0,
94, 1, 1305, 95, 0,
95, 1, 1304, 96, 0,
96, 1, 1303, 97, 0,
97, 1, 1302, 98, 0,
98, 1, 1301, 99, 0,
99, 1, 1300, 100, 0,
100, 1, 1299, 101, 0,
101, 1, 1298, 102, 0,
102, 1, 1297, 103, 0,
103, 1, 1296, 104, 0,
104, 1, 1295, 105, 0,
105, 1, 1294, 106, 0,
106, 1, 1293, 107, 0,
107, 1, 1292, 108, 0,
108, 1, 1291, 109, 0,
109, 1, 1290, 110, 0,
110, 1, 1289, 111, 0,
111, 1, 1288, 112, 0,
112, 1, 1287, 113, 0,
113, 1, 1286, 114, 0,
114, 1, 1285, 115, 0,
115, 1, 1284, 116, 0,
116, 1, 1283, 117, 0,
117, 1, 1282, 118, 0,
118, 1, 1281, 119, 0,
119, 1, 1280, 120, 0,
120, 1, 1279, 121, 0,
121, 1, 1278, 122, 0,
122, 1, 1277, 123, 0,
123, 1, 1276, 124, 0,
124, 1, 1275, 125, 0,
125, 1, 1274, 126, 0,
126, 1, 1273, 127, 0,
127, 1, 1272, 128, 0,
128, 1, 1271, 129, 0,
129, 1, 1270, 130, 0,
130, 1, 1269, 131, 0,
131, 1, 1268, 132, 0,
132, 1, 1267, 133, 0,
133, 1, 1266, 134, 0,
134, 1, 1265, 135, 0,
135, 1, 1264, 136, 0,
136, 1, 1263, 137, 0,
137, 1, 1262, 138, 0,
138, 1, 1261, 139, 0,
139, 1, 1260, 140, 0,
140, 1, 1259, 141, 0,
141, 1, 1258, 142, 0,
142, 1, 1257, 143, 0,
143, 1, 1256, 144, 0,
144, 1, 1255, 145, 0,
145, 1, 1254, 146, 0,
146, 1, 1253, 147, 0,
147, 1, 1252, 148, 0,
148, 1, 1251, 149, 0,
149, 1, 1250, 150, 0,
150, 1, 1249, 151, 0,
151, 1, 1248, 152, 0,
152, 1, 1247, 153, 0,
153, 1, 1246, 154, 0,
154, 1, 1245, 155, 0,
155, 1, 1244, 156, 0,
156, 1, 1243, 157, 0,
157, 1, 1242, 158, 0,
158, 1, 1241, 159, 0,
159, 1, 1240, 160, 0,
160, 1, 1239, 161, 0,
161, 1, 1238, 162, 0,
162, 1, 1237, 163, 0,
163, 1, 1236, 164, 0,
164, 1, 1235, 165, 0,
165, 1, 1234, 166, 0,
166, 1, 1233, 167, 0,
167, 1, 1232, 168, 0,
168, 1, 1231, 169, 0,
169, 1, 1230, 170, 0,
170, 1, 1229, 171, 0,
171, 1, 1228, 172, 0,
172, 1, 1227, 173, 0,
173, 1, 1226, 174, 0,
174, 1, 1225, 175, 0,
175, 1, 1224, 176, 0,
176, 1, 1223, 177, 0,
177, 1, 1222, 178, 0,
178, 1, 1221, 179, 0,
179, 1, 1220, 180, 0,
180, 1, 1219, 181, 0,
181, 1, 1218, 182, 0,
182, 1, 1217, 183, 0,
183, 1, 1216, 184, 0,
184, 1, 1215, 185, 0,
185, 1, 1214, 186, 0,
186, 1, 1213, 187, 0,
187, 1, 1212, 188, 0,
188, 1, 1211, 189, 0,
189, 1, 1210, 190, 0,
190, 1, 1209, 191, 0,
191, 1, 1208, 192, 0,
192, 1, 1207, 193, 0,
193, 1, 1206, 194, 0,
194, 1, 1205, 195, 0,
195, 1, 1204, 196, 0,
196, 1, 1203, 197, 0,
197, 1, 1202, 198, 0,
198, 1, 1201, 199, 0,
199, 1, 1200, 200, 0,
200, 1, 1199, 201, 0,
201, 1, 1198, 202, 0,
202, 1, 1197, 203, 0,
203, 1, 1196, 204, 0,
204, 1, 1195, 205, 0,
205, 1, 1194, 206, 0,
206, 1, 1193, 207, 0,
207, 1, 1192, 208, 0,
208, 1, 1191, 209, 0,
209, 1, 1190, 210, 0,
210, 1, 1189, 211, 0,
211, 1, 1188, 212, 0,
212, 1, 1187, 213, 0,
213, 1, 1186, 214, 0,
214, 1, 1185, 215, 0,
215, 1, 1184, 216, 0,
216, 1, 1183, 217, 0,
217, 1, 1182, 218, 0,
218, 1, 1181, 219, 0,
219, 1, 1180, 220, 0,
220, 1, 1179, 221, 0,
221, 1, 1178, 222, 0,
222, 1, 1177, 223, 0,
223, 1, 1176, 224, 0,
224, 1, 1175, 225, 0,
225, 1, 1174, 226, 0,
226, 1, 1173, 227, 0,
227, 1, 1172, 228, 0,
228, 1, 1171, 229, 0,
229, 1, 1170, 230, 0,
230, 1, 1169, 231, 0,
231, 1, 1168, 232, 0,
232, 1, 1167, 233, 0,
233, 1, 1166, 234, 0,
234, 1, 1165, 235, 0,
235, 1, 1164, 236, 0,
236, 1, 1163, 237, 0,
237, 1, 1162, 238, 0,
238, 1, 1161, 239, 0,
239, 1, 1160, 240, 0,
240, 1, 1159, 241, 0,
241, 1, 1158, 242, 0,
242, 1, 1157, 243, 0,
243, 1, 1156, 244, 0,
244, 1, 1155, 245, 0,
245, 1, 1154, 246, 0,
246, 1, 1153, 247, 0,
247, 1, 1152, 248, 0,
248, 1, 1151, 249, 0,
249, 1, 1150, 250, 0,
250, 1, 1149, 251, 0,
251, 1, 1148, 252, 0,
252, 1, 1147, 253, 0,
253, 1, 1146, 254, 0,
254, 1, 1145, 255, 0,
255, 1, 1144, 256, 0,
256, 1, 1143, 257, 0,
257, 1, 1142, 258, 0,
258, 1, 1141, 259, 0,
259, 1, 1140, 260, 0,
260, 1, 1139, 261, 0,
261, 1, 1138, 262, 0,
262, 1, 1137, 263, 0,
263, 1, 1136, 264, 0,
264, 1, 1135, 265, 0,
265, 1, 1134, 266, 0,
266, 1, 1133, 267, 0,
267, 1, 1132, 268, 0,
268, 1, 1131, 269, 0,
269, 1, 1130, 270, 0,
270, 1, 1129, 271, 0,
271, 1, 1128, 272, 0,
272, 1, 1127, 273, 0,
273, 1, 1126, 274, 0,
274, 1, 1125, 275, 0,
275, 1, 1124, 276, 0,
276, 1, 1123, 277, 0,
277, 1, 1122, 278, 0,
278, 1, 1121, 279, 0,
279, 1, 1120, 280, 0,
280, 1, 1119, 281, 0,
281, 1, 1118, 282, 0,
282, 1, 1117, 283, 0,
283, 1, 1116, 284, 0,
284, 1, 1115, 285, 0,
285, 1, 1114, 286, 0,
286, 1, 1113, 287, 0,
287, 1, 1112, 288, 0,
288, 1, 1111, 289, 0,
289, 1, 1110, 290, 0,
290, 1, 1109, 291, 0,
291, 1, 1108, 292, 0,
292, 1, 1107, 293, 0,
293, 1, 1106, 294, 0,
294, 1, 1105, 295, 0,
295, 1, 1104, 296, 0,
296, 1, 1103, 297, 0,
297, 1, 1102, 298, 0,
298, 1, 1101, 299, 0,
299, 1, 1100, 300, 0,
300, 1, 1099, 301, 0,
301, 1, 1098, 302, 0,
302, 1, 1097, 303, 0,
303, 1, 1096, 304, 0,
304, 1, 1095, 305, 0,
305, 1, 1094, 306, 0,
306, 1, 1093, 307, 0,
307, 1, 1092, 308, 0,
308, 1, 1091, 309, 0,
309, 1, 1090, 310, 0,
310, 1, 1089, 311, 0,
311, 1, 1088, 312, 0,
312, 1, 1087, 313, 0,
313, 1, 1086, 314, 0,
314, 1, 1085, 315, 0,
315, 1, 1084, 316, 0,
316, 1, 1083, 317, 0,
317, 1, 1082, 318, 0,
318, 1, 1081, 319, 0,
319, 1, 1080, 320, 0,
320, 1, 1079, 321, 0,
321, 1, 1078, 322, 0,
322, 1, 1077, 323, 0,
323, 1, 1076, 324, 0,
324, 1, 1075, 325, 0,
325, 1, 1074, 326, 0,
326, 1, 1073, 327, 0,
327, 1, 1072, 328, 0,
328, 1, 1071, 329, 0,
329, 1, 1070, 330, 0,
330, 1, 1069, 331, 0,
331, 1, 1068, 332, 0,
332, 1, 1067, 333, 0,
333, 1, 1066, 334, 0,
334, 1, 1065, 335, 0,
335, 1, 1064, 336, 0,
336, 1, 1063, 337, 0,
337, 1, 1062, 338, 0,
338, 1, 1061, 339, 0,
339, 1, 1060, 340, 0,
340, 1, 1059, 341, 0,
341, 1, 1058, 342, 0,
342, 1, 1057, 343, 0,
343, 1, 1056, 344, 0,
344, 1, 1055, 345, 0,
345, 1, 1054, 346, 0,
346, 1, 1053, 347, 0,
347, 1, 1052, 348, 0,
348, 1, 1051, 349, 0,
349, 1, 1050, 350, 0,
350, 1, 1049, 351, 0,
351, 1, 1048, 352, 0,
352, 1, 1047, 353, 0,
353, 1, 1046, 354, 0,
354, 1, 1045, 355, 0,
355, 1, 1044, 356, 0,
356, 1, 1043, 357, 0,
357, 1, 1042, 358, 0,
358, 1, 1041, 359, 0,
359, 1, 1040, 360, 0,
360, 1, 1039, 361, 0,
361, 1, 1038, 362, 0,
362, 1, 1037, 363, 0,
363, 1, 1036, 364, 0,
364, 1, 1035, 365, 0,
365, 1, 1034, 366, 0,
366, 1, 1033, 367, 0,
367, 1, 1032, 368, 0,
368, 1, 1031, 369, 0,
369, 1, 1030, 370, 0,
370, 1, 1029, 371, 0,
371, 1, 1028, 372, 0,
372, 1, 1027, 373, 0,
373, 1, 1026, 374, 0,
374, 1, 1025, 375, 0,
375, 1, 1024, 376, 0,
376, 1, 1023, 377, 0,
377, 1, 1022, 378, 0,
378, 1, 1021, 379, 0,
379, 1, 1020, 380, 0,
380, 1, 1019, 381, 0,
381, 1, 1018, 382, 0,
382, 1, 1017, 383, 0,
383, 1, 1016, 384, 0,
384, 1, 1015, 385, 0,
385, 1, 1014, 386, 0,
386, 1, 1013, 387, 0,
387, 1, 1012, 388, 0,
388, 1, 1011, 389, 0,
389, 1, 1010, 390, 0,
390, 1, 1009, 391, 0,
391, 1, 1008, 392, 0,
392, 1, 1007, 393, 0,
393, 1, 1006, 394, 0,
394, 1, 1005, 395, 0,
395, 1, 1004, 396, 0,
396, 1, 1003, 397, 0,
397, 1, 1002, 398, 0,
398, 1, 1001, 399, 0,
399, 1, 1000, 400, 0,
400, 1, 999, 401, 0,
401, 1, 998, 402, 0,
402, 1, 997, 403, 0,
403, 1, 996, 404, 0,
404, 1, 995, 405, 0,
405, 1, 994, 406, 0,
406, 1, 993, 407, 0,
407, 1, 992, 408, 0,
408, 1, 991, 409, 0,
409, 1, 990, 410, 0,
410, 1, 989, 411, 0,
411, 1, 988, 412, 0,
412, 1, 987, 413, 0,
413, 1, 986, 414, 0,
414, 1, 985, 415, 0,
415, 1, 984, 416, 0,
416, 1, 983, 417, 0,
417, 1, 982, 418, 0,
418, 1, 981, 419, 0,
419, 1, 980, 420, 0,
420, 1, 979, 421, 0,
421, 1, 978, 422, 0,
422, 1, 977, 423, 0,
423, 1, 976, 424, 0,
424, 1, 975, 425, 0,
425, 1, 974, 426, 0,
426, 1, 973, 427, 0,
427, 1, 972, 428, 0,
428, 1, 971, 429, 0,
429, 1, 970, 430, 0,
430, 1, 969, 431, 0,
431, 1, 968, 432, 0,
432, 1, 967, 433, 0,
433, 1, 966, 434, 0,
434, 1, 965, 435, 0,
435, 1, 964, 436, 0,
436, 1, 963, 437, 0,
437, 1, 962, 438, 0,
438, 1, 961, 439, 0,
439, 1, 960, 440, 0,
440, 1, 959, 440, 0,
440, 1, 959, 441, 0,
441, 2, 958, 442, 0,
442, 2, 957, 443, 0,
443, 2, 956, 444, 0,
444, 2, 955, 445, 0,
445, 2, 954, 446, 0,
446, 2, 953, 447, 0,
447, 2, 952, 448, 0,
448, 2, 951, 449, 0,
449, 2, 950, 450, 0,
450, 2, 949, 451, 0,
451, 2, 948, 452, 0,
452, 2, 947, 453, 0,
453, 2, 946, 454, 0,
454, 2, 945, 455, 0,
455, 2, 944, 456, 0,
456, 2, 943, 457, 0,
457, 2, 942, 458, 0,
458, 2, 941, 459, 0,
459, 2, 940, 460, 0,
460, 2, 939, 461, 0,
461, 2, 938, 462, 0,
462, 2, 937, 463, 0,
463, 2, 936, 464, 0,
464, 2, 935, 465, 0,
465, 2, 934, 466, 0,
466, 2, 933, 467, 0,
467, 2, 932, 468, 0,
468, 2, 931, 469, 0,
469, 2, 930, 470, 0,
470, 2, 929, 471, 0,
471, 2, 928, 472, 0,
472, 2, 927, 473, 0,
473, 2, 926, 474, 0,
474, 2, 925, 475, 0,
475, 2, 924, 476, 0,
476, 2, 923, 477, 0,
477, 2, 922, 478, 0,
478, 2, 921, 479, 0,
479, 2, 920, 480, 0,
480, 2, 919, 481, 0,
481, 2, 918, 482, 0,
482, 2, 917, 483, 0,
483, 2, 916, 484, 0,
484, 2, 915, 485, 0,
485, 2, 914, 486, 0,
486, 2, 913, 487, 0,
487, 2, 912, 488, 0,
488, 2, 911, 489, 0,
489, 2, 910, 490, 0,
490, 2, 909, 491, 0,
491, 2, 908, 492, 0,
492, 2, 907, 493, 0,
493, 2, 906, 494, 0,
494, 2, 905, 495, 0,
495, 2, 904, 496, 0,
496, 2, 903, 497, 0,
497, 2, 902, 498, 0,
498, 2, 901, 499, 0,
499, 2, 900, 500, 0,
500, 2, 899, 501, 0,
501, 2, 898, 502, 0,
502, 2, 897, 503, 0,
503, 2, 896, 504, 0,
504, 2, 895, 505, 0,
505, 2, 894, 506, 0,
506, 2, 893, 507, 0,
507, 2, 892, 508, 0,
508, 2, 891, 509, 0,
509, 2, 890, 510, 0,
510, 2, 889, 511, 0,
511, 2, 888, 512, 0,
512, 2, 887, 513, 0,
513, 2, 886, 514, 0,
514, 2, 885, 515, 0,
515, 2, 884, 516, 0,
516, 2, 883, 517, 0,
517, 2, 882, 518, 0,
518, 2, 881, 519, 0,
519, 2, 880, 520, 0,
520, 2, 879, 521, 0,
521, 2, 878, 522, 0,
522, 2, 877, 523, 0,
523, 2, 876, 524, 0,
524, 2, 875, 525, 0,
525, 2, 874, 526, 0,
526, 2, 873, 527, 0,
527, 2, 872, 528, 0,
528, 2, 871, 529, 0,
529, 2, 870, 530, 0,
531, 2, 869, 531, 0,
532, 2, 868, 532, 0,
533, 2, 867, 533, 0,
534, 2, 866, 534, 0,
535, 2, 865, 535, 0,
536, 2, 864, 536, 0,
537, 2, 863, 537, 0,
538, 2, 862, 538, 0,
539, 2, 861, 539, 0,
540, 2, 860, 540, 0,
541, 2, 859, 541, 0,
542, 2, 858, 542, 0,
543, 2, 857, 543, 0,
544, 2, 856, 544, 0,
545, 2, 855, 545, 0,
546, 2, 854, 546, 0,
547, 2, 853, 547, 0,
548, 2, 852, 548, 0,
549, 2, 851, 549, 0,
550, 2, 850, 550, 0,
551, 2, 849, 551, 0,
552, 2, 848, 552, 0,
553, 2, 847, 553, 0,
554, 2, 846, 554, 0,
555, 2, 845, 555, 0,
556, 2, 844, 556, 0,
557, 2, 843, 557, 0,
558, 2, 842, 558, 0,
559, 2, 841, 559, 0,
560, 2, 840, 560, 0,
561, 2, 839, 561, 0,
562, 2, 838, 562, 0,
563, 2, 837, 563, 0,
564, 2, 836, 564, 0,
565, 2, 835, 565, 0,
566, 2, 834, 566, 0,
567, 2, 833, 567, 0,
568, 2, 832, 568, 0,
569, 2, 831, 569, 0,
570, 2, 830, 570, 0,
571, 2, 829, 571, 0,
572, 2, 828, 572, 0,
573, 2, 827, 573, 0,
574, 2, 826, 574, 0,
575, 2, 825, 575, 0,
576, 2, 824, 576, 0,
577, 2, 823, 577, 0,
578, 2, 822, 578, 0,
579, 2, 821, 579, 0,
580, 2, 820, 580, 0,
581, 2, 819, 581, 0,
582, 2, 818, 582, 0,
583, 2, 817, 583, 0,
584, 2, 816, 584, 0,
585, 2, 815, 585, 0,
586, 2, 814, 586, 0,
587, 2, 813, 587, 0,
588, 2, 812, 588, 0,
589, 2, 811, 589, 0,
590, 2, 810, 590, 0,
591, 2, 809, 591, 0,
592, 2, 808, 592, 0,
593, 2, 807, 593, 0,
594, 2, 806, 594, 0,
595, 2, 805, 595, 0,
596, 2, 804, 596, 0,
597, 2, 803, 597, 0,
598, 2, 802, 598, 0,
599, 2, 801, 599, 0,
600, 2, 800, 600, 0,
601, 2, 799, 601, 0,
602, 2, 798, 602, 0,
603, 2, 797, 603, 0,
605, 2, 796, 603, 0,
605, 2, 796, 604, 0,
607, 3, 795, 605, 0,
608, 3, 794, 606, 0,
609, 3, 793, 607, 0,
611, 3, 792, 608, 0,
612, 3, 791, 609, 0,
615, 3, 790, 610, 0,
616, 3, 789, 611, 0,
617, 3, 788, 612, 0,
618, 3, 787, 613, 0,
619, 3, 786, 614, 0,
620, 3, 785, 615, 0,
621, 3, 784, 616, 0,
623, 3, 783, 617, 0,
625, 3, 782, 618, 0,
626, 3, 781, 619, 0,
627, 3, 780, 620, 0,
629, 3, 779, 621, 0,
630, 3, 778, 622, 0,
631, 3, 777, 623, 0,
632, 3, 776, 624, 0,
633, 3, 775, 625, 0,
634, 3, 774, 626, 0,
635, 3, 773, 627, 0,
636, 3, 772, 628, 0,
637, 3, 771, 629, 0,
638, 3, 770, 630, 0,
639, 3, 769, 631, 0,
640, 3, 768, 632, 0,
642, 3, 767, 633, 0,
644, 3, 766, 634, 0,
646, 3, 765, 635, 0,
647, 3, 764, 636, 0,
648, 3, 763, 637, 0,
649, 3, 762, 638, 0,
651, 3, 761, 639, 0,
652, 3, 760, 640, 0,
654, 3, 759, 641, 0,
657, 3, 758, 641, 0,
657, 3, 758, 642, 0,
658, 4, 757, 643, 0,
659, 4, 756, 644, 0,
660, 4, 755, 645, 0,
662, 4, 754, 646, 0,
664, 4, 753, 647, 0,
665, 4, 752, 648, 0,
667, 4, 751, 649, 0,
668, 4, 750, 650, 0,
669, 4, 749, 651, 0,
670, 4, 748, 652, 0,
674, 4, 747, 653, 0,
675, 4, 746, 654, 0,
677, 4, 745, 655, 0,
678, 4, 744, 656, 0,
682, 4, 743, 657, 0,
683, 4, 742, 658, 0,
684, 4, 741, 659, 0,
688, 4, 740, 660, 0,
689, 4, 739, 661, 0,
690, 4, 738, 662, 0,
691, 4, 737, 663, 0,
692, 4, 736, 664, 0,
695, 4, 735, 665, 0,
696, 4, 734, 666, 0,
697, 4, 733, 667, 0,
699, 4, 732, 668, 0,
700, 4, 731, 669, 0,
701, 4, 730, 670, 0,
702, 4, 729, 671, 0,
703, 4, 728, 672, 0,
704, 4, 727, 673, 0,
706, 4, 726, 674, 0,
710, 4, 725, 674, 0,
710, 4, 725, 675, 0,
713, 5, 724, 676, 0,
714, 5, 723, 677, 0,
715, 5, 722, 678, 0,
716, 5, 721, 679, 0,
718, 5, 720, 680, 0,
719, 5, 719, 681, 0,
720, 5, 718, 682, 0,
723, 5, 717, 683, 0,
725, 5, 716, 684, 0,
726, 5, 715, 685, 0,
728, 5, 714, 686, 0,
729, 5, 713, 687, 0,
730, 5, 712, 688, 0,
731, 5, 711, 689, 0,
733, 5, 710, 690, 0,
735, 5, 709, 691, 0,
737, 5, 708, 692, 0,
738, 5, 707, 693, 0,
739, 5, 706, 694, 0,
741, 5, 705, 695, 0,
743, 5, 704, 696, 0,
745, 5, 703, 697, 0,
747, 5, 702, 698, 0,
748, 5, 701, 699, 0,
750, 5, 700, 700, 0,
751, 5, 699, 701, 0,
752, 5, 698, 702, 0,
754, 5, 697, 703, 0,
759, 5, 696, 704, 0,
761, 5, 695, 705, 0,
763, 5, 694, 706, 0,
766, 5, 693, 707, 0,
767, 5, 692, 708, 0,
768, 5, 691, 709, 0,
772, 5, 690, 710, 0,
774, 5, 689, 711, 0,
775, 5, 688, 712, 0,
777, 5, 687, 713, 0,
778, 5, 686, 714, 0,
779, 5, 685, 715, 0,
780, 5, 684, 716, 0,
782, 5, 683, 717, 0,
785, 5, 682, 718, 0,
786, 5, 681, 719, 0,
788, 5, 680, 720, 0,
791, 5, 679, 721, 0,
792, 5, 678, 722, 0,
793, 5, 677, 723, 0,
795, 5, 676, 724, 0,
796, 5, 675, 725, 0,
797, 5, 674, 726, 0,
799, 5, 673, 727, 0,
800, 5, 672, 728, 0,
801, 5, 671, 729, 0,
806, 5, 670, 729, 0,
806, 5, 670, 730, 0,
808, 6, 669, 731, 0,
810, 6, 668, 732, 0,
811, 6, 667, 733, 0,
812, 6, 666, 734, 0,
816, 6, 665, 735, 0,
817, 6, 664, 736, 0,
818, 6, 663, 737, 0,
819, 6, 662, 738, 0,
820, 6, 661, 739, 0,
821, 6, 660, 740, 0,
823, 6, 659, 741, 0,
824, 6, 658, 742, 0,
826, 6, 657, 743, 0,
828, 6, 656, 744, 0,
831, 6, 655, 745, 0,
832, 6, 654, 746, 0,
834, 6, 653, 747, 0,
837, 6, 652, 748, 0,
841, 6, 651, 749, 0,
845, 6, 650, 750, 0,
846, 6, 649, 751, 0,
847, 6, 648, 752, 0,
848, 6, 647, 753, 0,
850, 6, 646, 754, 0,
851, 6, 645, 755, 0,
852, 6, 644, 756, 0,
854, 6, 643, 757, 0,
855, 6, 642, 758, 0,
858, 6, 641, 759, 0,
859, 6, 640, 760, 0,
860, 6, 639, 761, 0,
861, 6, 638, 762, 0,
862, 6, 637, 763, 0,
863, 6, 636, 764, 0,
864, 6, 635, 765, 0,
865, 6, 634, 766, 0,
866, 6, 633, 767, 0,
867, 6, 632, 768, 0,
868, 6, 631, 769, 0,
870, 6, 630, 770, 0,
874, 6, 629, 771, 0,
875, 6, 628, 772, 0,
877, 6, 627, 773, 0,
878, 6, 626, 774, 0,
879, 6, 625, 775, 0,
882, 6, 624, 776, 0,
883, 6, 623, 777, 0,
884, 6, 622, 778, 0,
885, 6, 621, 779, 0,
887, 6, 620, 780, 0,
888, 6, 619, 781, 0,
890, 6, 618, 782, 0,
891, 6, 617, 783, 0,
892, 6, 616, 784, 0,
893, 6, 615, 785, 0,
895, 6, 614, 786, 0,
897, 6, 613, 787, 0,
899, 6, 612, 788, 0,
900, 6, 611, 789, 0,
901, 6, 610, 790, 0,
902, 6, 609, 791, 0,
904, 6, 608, 792, 0,
906, 6, 607, 793, 0,
910, 6, 606, 794, 0,
911, 6, 605, 795, 0,
912, 6, 604, 796, 0,
914, 6, 603, 797, 0,
915, 6, 602, 798, 0,
916, 6, 601, 799, 0,
917, 6, 600, 800, 0,
918, 6, 599, 801, 0,
919, 6, 598, 802, 0,
921, 6, 597, 803, 0,
924, 6, 596, 804, 0,
926, 6, 595, 805, 0,
927, 6, 594, 806, 0,
928, 6, 593, 807, 0,
931, 6, 592, 808, 0,
932, 6, 591, 809, 0,
934, 6, 590, 810, 0,
936, 6, 589, 811, 0,
937, 6, 588, 812, 0,
938, 6, 587, 813, 0,
939, 6, 586, 814, 0,
942, 6, 585, 815, 0,
947, 6, 584, 816, 0,
953, 6, 583, 817, 0,
957, 6, 582, 818, 0,
958, 6, 581, 819, 0,
962, 6, 580, 820, 0,
964, 6, 579, 821, 0,
969, 6, 578, 822, 0,
970, 6, 577, 823, 0,
971, 6, 576, 824, 0,
972, 6, 575, 825, 0,
974, 6, 574, 826, 0,
978, 6, 573, 827, 0,
981, 6, 572, 828, 0,
983, 6, 571, 829, 0,
986, 6, 570, 830, 0,
991, 6, 569, 831, 0,
992, 6, 568, 832, 0,
995, 6, 567, 833, 0,
1001, 6, 566, 834, 0,
1005, 6, 565, 835, 0,
1008, 6, 564, 836, 0,
1011, 6, 563, 837, 0,
1012, 6, 562, 838, 0,
1017, 6, 561, 839, 0,
1019, 6, 560, 840, 0,
1024, 6, 559, 841, 0,
1029, 6, 558, 842, 0,
1033, 6, 557, 843, 0,
1034, 6, 556, 844, 0,
1035, 6, 555, 845, 0,
1037, 6, 554, 846, 0,
1038, 6, 553, 847, 0,
1039, 6, 552, 848, 0,
1041, 6, 551, 849, 0,
1042, 6, 550, 850, 0,
1044, 6, 549, 851, 0,
1046, 6, 548, 852, 0,
1051, 6, 547, 853, 0,
1053, 6, 546, 854, 0,
1055, 6, 545, 855, 0,
1057, 6, 544, 856, 0,
1060, 6, 543, 857, 0,
1061, 6, 542, 858, 0,
1062, 6, 541, 859, 0,
1064, 6, 540, 860, 0,
1066, 6, 539, 861, 0,
1071, 6, 538, 862, 0,
1073, 6, 537, 863, 0,
1074, 6, 536, 864, 0,
1077, 6, 535, 865, 0,
1080, 6, 534, 866, 0,
1082, 6, 533, 867, 0,
1085, 6, 532, 868, 0,
1087, 6, 531, 869, 0,
1089, 6, 530, 870, 0,
1093, 6, 529, 871, 0,
1094, 6, 528, 872, 0,
1095, 6, 527, 873, 0,
1099, 6, 526, 874, 0,
1105, 6, 525, 874, 0,
1105, 6, 525, 875, 0,
1107, 7, 524, 876, 0,
1108, 7, 523, 877, 0,
1110, 7, 522, 878, 0,
1112, 7, 521, 879, 0,
1114, 7, 520, 880, 0,
1116, 7, 519, 881, 0,
1117, 7, 518, 882, 0,
1120, 7, 517, 883, 0,
1124, 7, 516, 884, 0,
1127, 7, 515, 885, 0,
1131, 7, 514, 886, 0,
1133, 7, 513, 887, 0,
1134, 7, 512, 888, 0,
1137, 7, 511, 889, 0,
1142, 7, 510, 890, 0,
1147, 7, 509, 891, 0,
1149, 7, 508, 892, 0,
1154, 7, 507, 893, 0,
1156, 7, 506, 894, 0,
1160, 7, 505, 895, 0,
1162, 7, 504, 896, 0,
1169, 7, 503, 896, 0,
1169, 7, 503, 897, 0,
1171, 8, 502, 898, 0,
1173, 8, 501, 899, 0,
1175, 8, 500, 900, 0,
1176, 8, 499, 901, 0,
1177, 8, 498, 902, 0,
1182, 8, 497, 903, 0,
1184, 8, 496, 904, 0,
1189, 8, 495, 905, 0,
1194, 8, 494, 906, 0,
1202, 8, 493, 907, 0,
1207, 8, 492, 908, 0,
1210, 8, 491, 909, 0,
1215, 8, 490, 910, 0,
1217, 8, 489, 911, 0,
1222, 8, 488, 912, 0,
1224, 8, 487, 913, 0,
1226, 8, 486, 914, 0,
1228, 8, 485, 915, 0,
1229, 8, 484, 916, 0,
1234, 8, 483, 917, 0,
1239, 8, 482, 918, 0,
1240, 8, 481, 919, 0,
1242, 8, 480, 920, 0,
1243, 8, 479, 921, 0,
1244, 8, 478, 922, 0,
1248, 8, 477, 923, 0,
1250, 8, 476, 924, 0,
1252, 8, 475, 925, 0,
1253, 8, 474, 926, 0,
1256, 8, 473, 927, 0,
1259, 8, 472, 928, 0,
1261, 8, 471, 929, 0,
1264, 8, 470, 930, 0,
1267, 8, 469, 931, 0,
1272, 8, 468, 932, 0,
1273, 8, 467, 933, 0,
1275, 8, 466, 934, 0,
1277, 8, 465, 935, 0,
1278, 8, 464, 936, 0,
1279, 8, 463, 937, 0,
1283, 8, 462, 938, 0,
1285, 8, 461, 939, 0,
1287, 8, 460, 940, 0,
1292, 8, 459, 941, 0,
1294, 8, 458, 942, 0,
1299, 8, 457, 943, 0,
1301, 8, 456, 944, 0,
1309, 8, 455, 944, 0,
1309, 8, 455, 945, 0,
1310, 9, 454, 946, 0,
1314, 9, 453, 947, 0,
1320, 9, 452, 948, 0,
1324, 9, 451, 949, 0,
1333, 9, 450, 949, 0,
1333, 9, 450, 950, 0,
1334, 10, 449, 951, 0,
1336, 10, 448, 952, 0,
1338, 10, 447, 953, 0,
1341, 10, 446, 954, 0,
1345, 10, 445, 955, 0,
1348, 10, 444, 956, 0,
1350, 10, 443, 957, 0,
1351, 10, 442, 958, 0,
1357, 10, 441, 959, 0,
1358, 10, 440, 960, 0,
1359, 10, 439, 961, 0,
1363, 10, 438, 962, 0,
1365, 10, 437, 963, 0,
1367, 10, 436, 964, 0,
1368, 10, 435, 965, 0,
1371, 10, 434, 966, 0,
1372, 10, 433, 967, 0,
1374, 10, 432, 968, 0,
1377, 10, 431, 969, 0,
1379, 10, 430, 970, 0,
1384, 10, 429, 971, 0,
1386, 10, 428, 972, 0,
1389, 10, 427, 973, 0,
1390, 10, 426, 974, 0,
1392, 10, 425, 975, 0,
1395, 10, 424, 976, 0,
1396, 10, 423, 977, 0,
1398, 10, 422, 978, 0,
1399, 10, 421, 979, 0,
1403, 10, 420, 980, 0,
1409, 10, 419, 981, 0,
1411, 10, 418, 982, 0,
1412, 10, 417, 983, 0,
1415, 10, 416, 984, 0,
1416, 10, 415, 985, 0,
1418, 10, 414, 986, 0,
1421, 10, 413, 987, 0,
1423, 10, 412, 988, 0,
1424, 10, 411, 989, 0,
1427, 10, 410, 990, 0,
1428, 10, 409, 991, 0,
1431, 10, 408, 992, 0,
1433, 10, 407, 993, 0,
1438, 10, 406, 994, 0,
1440, 10, 405, 995, 0,
1441, 10, 404, 996, 0,
1444, 10, 403, 997, 0,
1446, 10, 402, 998, 0,
1447, 10, 401, 999, 0,
1449, 10, 400, 1000, 0,
1452, 10, 399, 1001, 0,
1453, 10, 398, 1002, 0,
1456, 10, 397, 1003, 0,
1459, 10, 396, 1004, 0,
1469, 10, 395, 1004, 0,
1469, 10, 395, 1005, 0,
1470, 11, 394, 1006, 0,
1472, 11, 393, 1007, 0,
1475, 11, 392, 1008, 0,
1478, 11, 391, 1009, 0,
1483, 11, 390, 1010, 0,
1485, 11, 389, 1011, 0,
1486, 11, 388, 1012, 0,
1489, 11, 387, 1013, 0,
1492, 11, 386, 1014, 0,
1496, 11, 385, 1015, 0,
1502, 11, 384, 1016, 0,
1504, 11, 383, 1017, 0,
1509, 11, 382, 1018, 0,
1513, 11, 381, 1019, 0,
1517, 11, 380, 1020, 0,
1523, 11, 379, 1021, 0,
1530, 11, 378, 1022, 0,
1531, 11, 377, 1023, 0,
1536, 11, 376, 1024, 0,
1537, 11, 375, 1025, 0,
1540, 11, 374, 1026, 0,
1542, 11, 373, 1027, 0,
1546, 11, 372, 1028, 0,
1555, 11, 371, 1029, 0,
1557, 11, 370, 1030, 0,
1562, 11, 369, 1031, 0,
1567, 11, 368, 1032, 0,
1572, 11, 367, 1033, 0,
1574, 11, 366, 1034, 0,
1579, 11, 365, 1035, 0,
1580, 11, 364, 1036, 0,
1583, 11, 363, 1037, 0,
1585, 11, 362, 1038, 0,
1588, 11, 361, 1039, 0,
1590, 11, 360, 1040, 0,
1592, 11, 359, 1041, 0,
1597, 11, 358, 1042, 0,
1604, 11, 357, 1043, 0,
1609, 11, 356, 1044, 0,
1613, 11, 355, 1045, 0,
1617, 11, 354, 1046, 0,
1619, 11, 353, 1047, 0,
1622, 11, 352, 1048, 0,
1625, 11, 351, 1049, 0,
1627, 11, 350, 1050, 0,
1630, 11, 349, 1051, 0,
1632, 11, 348, 1052, 0,
1643, 11, 347, 1052, 0,
1643, 11, 347, 1053, 0,
1648, 12, 346, 1054, 0,
1653, 12, 345, 1055, 0,
1655, 12, 344, 1056, 0,
1657, 12, 343, 1057, 0,
1662, 12, 342, 1058, 0,
1663, 12, 341, 1059, 0,
1668, 12, 340, 1060, 0,
1671, 12, 339, 1061, 0,
1676, 12, 338, 1062, 0,
1681, 12, 337, 1063, 0,
1682, 12, 336, 1064, 0,
1685, 12, 335, 1065, 0,
1688, 12, 334, 1066, 0,
1691, 12, 333, 1067, 0,
1696, 12, 332, 1068, 0,
1701, 12, 331, 1069, 0,
1706, 12, 330, 1070, 0,
1711, 12, 329, 1071, 0,
1712, 12, 328, 1072, 0,
1713, 12, 327, 1073, 0,
1715, 12, 326, 1074, 0,
1720, 12, 325, 1075, 0,
1731, 12, 324, 1076, 0,
1732, 12, 323, 1077, 0,
1734, 12, 322, 1078, 0,
1739, 12, 321, 1079, 0,
1742, 12, 320, 1080, 0,
1747, 12, 319, 1081, 0,
1748, 12, 318, 1082, 0,
1751, 12, 317, 1083, 0,
1756, 12, 316, 1084, 0,
1759, 12, 315, 1085, 0,
1761, 12, 314, 1086, 0,
1766, 12, 313, 1087, 0,
1771, 12, 312, 1088, 0,
1778, 12, 311, 1089, 0,
1781, 12, 310, 1090, 0,
1788, 12, 309, 1091, 0,
1793, 12, 308, 1092, 0,
1798, 12, 307, 1093, 0,
1800, 12, 306, 1094, 0,
1805, 12, 305, 1095, 0,
1809, 12, 304, 1096, 0,
1814, 12, 303, 1097, 0,
1819, 12, 302, 1098, 0,
1821, 12, 301, 1099, 0,
1822, 12, 300, 1100, 0,
1823, 12, 299, 1101, 0,
1827, 12, 298, 1102, 0,
1828, 12, 297, 1103, 0,
1833, 12, 296, 1104, 0,
1840, 12, 295, 1105, 0,
1847, 12, 294, 1106, 0,
1852, 12, 293, 1107, 0,
1856, 12, 292, 1108, 0,
1860, 12, 291, 1109, 0,
1872, 12, 290, 1109, 0,
1872, 12, 290, 1110, 0,
1876, 13, 289, 1111, 0,
1878, 13, 288, 1112, 0,
1883, 13, 287, 1113, 0,
1885, 13, 286, 1114, 0,
1890, 13, 285, 1115, 0,
1893, 13, 284, 1116, 0,
1898, 13, 283, 1117, 0,
1902, 13, 282, 1118, 0,
1903, 13, 281, 1119, 0,
1907, 13, 280, 1120, 0,
1912, 13, 279, 1121, 0,
1915, 13, 278, 1122, 0,
1919, 13, 277, 1123, 0,
1922, 13, 276, 1124, 0,
1926, 13, 275, 1125, 0,
1928, 13, 274, 1126, 0,
1931, 13, 273, 1127, 0,
1944, 13, 272, 1127, 0,
1944, 13, 272, 1128, 0,
1947, 14, 271, 1129, 0,
1953, 14, 270, 1130, 0,
1954, 14, 269, 1131, 0,
1955, 14, 268, 1132, 0,
1957, 14, 267, 1133, 0,
1961, 14, 266, 1134, 0,
1966, 14, 265, 1135, 0,
1968, 14, 264, 1136, 0,
1970, 14, 263, 1137, 0,
1974, 14, 262, 1138, 0,
1975, 14, 261, 1139, 0,
1980, 14, 260, 1140, 0,
1985, 14, 259, 1141, 0,
1987, 14, 258, 1142, 0,
1992, 14, 257, 1143, 0,
1998, 14, 256, 1144, 0,
2002, 14, 255, 1145, 0,
2004, 14, 254, 1146, 0,
2009, 14, 253, 1147, 0,
2012, 14, 252, 1148, 0,
2014, 14, 251, 1149, 0,
2017, 14, 250, 1150, 0,
2018, 14, 249, 1151, 0,
2021, 14, 248, 1152, 0,
2023, 14, 247, 1153, 0,
2025, 14, 246, 1154, 0,
2029, 14, 245, 1155, 0,
2032, 14, 244, 1156, 0,
2034, 14, 243, 1157, 0,
2036, 14, 242, 1158, 0,
2038, 14, 241, 1159, 0,
2040, 14, 240, 1160, 0,
2041, 14, 239, 1161, 0,
2043, 14, 238, 1162, 0,
2047, 14, 237, 1163, 0,
2051, 14, 236, 1164, 0,
2054, 14, 235, 1165, 0,
2058, 14, 234, 1166, 0,
2062, 14, 233, 1167, 0,
2069, 14, 232, 1168, 0,
2073, 14, 231, 1169, 0,
2078, 14, 230, 1170, 0,
2085, 14, 229, 1171, 0,
2087, 14, 228, 1172, 0,
2090, 14, 227, 1173, 0,
2091, 14, 226, 1174, 0,
2094, 14, 225, 1175, 0,
2097, 14, 224, 1176, 0,
2099, 14, 223, 1177, 0,
2106, 14, 222, 1178, 0,
2107, 14, 221, 1179, 0,
2112, 14, 220, 1180, 0,
2117, 14, 219, 1181, 0,
2122, 14, 218, 1182, 0,
2123, 14, 217, 1183, 0,
2127, 14, 216, 1184, 0,
2128, 14, 215, 1185, 0,
2133, 14, 214, 1186, 0,
2137, 14, 213, 1187, 0,
2139, 14, 212, 1188, 0,
2144, 14, 211, 1189, 0,
2147, 14, 210, 1190, 0,
2149, 14, 209, 1191, 0,
2153, 14, 208, 1192, 0,
2158, 14, 207, 1193, 0,
2165, 14, 206, 1194, 0,
2169, 14, 205, 1195, 0,
2170, 14, 204, 1196, 0,
2172, 14, 203, 1197, 0,
2174, 14, 202, 1198, 0,
2175, 14, 201, 1199, 0,
2178, 14, 200, 1200, 0,
2180, 14, 199, 1201, 0,
2181, 14, 198, 1202, 0,
2185, 14, 197, 1203, 0,
2192, 14, 196, 1204, 0,
2206, 14, 195, 1204, 0,
2206, 14, 195, 1205, 0,
2208, 15, 194, 1206, 0,
2213, 15, 193, 1207, 0,
2224, 15, 192, 1208, 0,
2228, 15, 191, 1209, 0,
2233, 15, 190, 1210, 0,
2236, 15, 189, 1211, 0,
2237, 15, 188, 1212, 0,
2239, 15, 187, 1213, 0,
2241, 15, 186, 1214, 0,
2248, 15, 185, 1215, 0,
2249, 15, 184, 1216, 0,
2259, 15, 183, 1217, 0,
2266, 15, 182, 1218, 0,
2270, 15, 181, 1219, 0,
2275, 15, 180, 1220, 0,
2281, 15, 179, 1221, 0,
2288, 15, 178, 1222, 0,
2289, 15, 177, 1223, 0,
2294, 15, 176, 1224, 0,
2295, 15, 175, 1225, 0,
2298, 15, 174, 1226, 0,
2307, 15, 173, 1227, 0,
2311, 15, 172, 1228, 0,
2316, 15, 171, 1229, 0,
2322, 15, 170, 1230, 0,
2333, 15, 169, 1231, 0,
2338, 15, 168, 1232, 0,
2341, 15, 167, 1233, 0,
2345, 15, 166, 1234, 0,
2350, 15, 165, 1235, 0,
2352, 15, 164, 1236, 0,
2356, 15, 163, 1237, 0,
2362, 15, 162, 1238, 0,
2374, 15, 161, 1239, 0,
2376, 15, 160, 1240, 0,
2381, 15, 159, 1241, 0,
2393, 15, 158, 1242, 0,
2398, 15, 157, 1243, 0,
2401, 15, 156, 1244, 0,
2405, 15, 155, 1245, 0,
2409, 15, 154, 1246, 0,
2412, 15, 153, 1247, 0,
2414, 15, 152, 1248, 0,
2425, 15, 151, 1249, 0,
2429, 15, 150, 1250, 0,
2444, 15, 149, 1250, 0,
2444, 15, 149, 1251, 0,
2447, 16, 148, 1252, 0,
2455, 16, 147, 1253, 0,
2457, 16, 146, 1254, 0,
2473, 16, 145, 1255, 0,
2478, 16, 144, 1256, 0,
2481, 16, 143, 1257, 0,
2486, 16, 142, 1258, 0,
2487, 16, 141, 1259, 0,
2490, 16, 140, 1260, 0,
2492, 16, 139, 1261, 0,
2499, 16, 138, 1262, 0,
2506, 16, 137, 1263, 0,
2510, 16, 136, 1264, 0,
2513, 16, 135, 1265, 0,
2517, 16, 134, 1266, 0,
2519, 16, 133, 1267, 0,
2525, 16, 132, 1268, 0,
2532, 16, 131, 1269, 0,
2537, 16, 130, 1270, 0,
2548, 16, 129, 1271, 0,
2550, 16, 128, 1272, 0,
2553, 16, 127, 1273, 0,
2558, 16, 126, 1274, 0,
2564, 16, 125, 1275, 0,
2569, 16, 124, 1276, 0,
2571, 16, 123, 1277, 0,
2576, 16, 122, 1278, 0,
2592, 16, 121, 1279, 0,
2595, 16, 120, 1280, 0,
2602, 16, 119, 1281, 0,
2603, 16, 118, 1282, 0,
2608, 16, 117, 1283, 0,
2612, 16, 116, 1284, 0,
2616, 16, 115, 1285, 0,
2621, 16, 114, 1286, 0,
2624, 16, 113, 1287, 0,
2629, 16, 112, 1288, 0,
2636, 16, 111, 1289, 0,
2640, 16, 110, 1290, 0,
2651, 16, 109, 1291, 0,
2656, 16, 108, 1292, 0,
2663, 16, 107, 1293, 0,
2668, 16, 106, 1294, 0,
2673, 16, 105, 1295, 0,
2678, 16, 104, 1296, 0,
2680, 16, 103, 1297, 0,
2683, 16, 102, 1298, 0,
2685, 16, 101, 1299, 0,
2697, 16, 100, 1300, 0,
2698, 16, 99, 1301, 0,
2700, 16, 98, 1302, 0,
2712, 16, 97, 1303, 0,
2717, 16, 96, 1304, 0,
2729, 16, 95, 1305, 0,
2745, 16, 94, 1305, 0,
2745, 16, 94, 1306, 0,
2750, 17, 93, 1307, 0,
2753, 17, 92, 1308, 0,
2761, 17, 91, 1309, 0,
2777, 17, 90, 1310, 0,
2784, 17, 89, 1311, 0,
2789, 17, 88, 1312, 0,
2792, 17, 87, 1313, 0,
2795, 17, 86, 1314, 0,
2799, 17, 85, 1315, 0,
2802, 17, 84, 1316, 0,
2810, 17, 83, 1317, 0,
2814, 17, 82, 1318, 0,
2816, 17, 81, 1319, 0,
2831, 17, 80, 1320, 0,
2836, 17, 79, 1321, 0,
2839, 17, 78, 1322, 0,
2844, 17, 77, 1323, 0,
2856, 17, 76, 1324, 0,
2858, 17, 75, 1325, 0,
2860, 17, 74, 1326, 0,
2865, 17, 73, 1327, 0,
2882, 17, 72, 1327, 0,
2882, 17, 72, 1328, 0,
2886, 18, 71, 1329, 0,
2891, 18, 70, 1330, 0,
2896, 18, 69, 1331, 0,
2899, 18, 68, 1332, 0,
2900, 18, 67, 1333, 0,
2911, 18, 66, 1334, 0,
2927, 18, 65, 1335, 0,
2929, 18, 64, 1336, 0,
2931, 18, 63, 1337, 0,
2935, 18, 62, 1338, 0,
2937, 18, 61, 1339, 0,
2939, 18, 60, 1340, 0,
2957, 18, 59, 1340, 0,
2957, 18, 59, 1341, 0,
2960, 19, 58, 1342, 0,
2976, 19, 57, 1343, 0,
2983, 19, 56, 1344, 0,
2990, 19, 55, 1345, 0,
2993, 19, 54, 1346, 0,
2998, 19, 53, 1347, 0,
3000, 19, 52, 1348, 0,
3002, 19, 51, 1349, 0,
3018, 19, 50, 1350, 0,
3019, 19, 49, 1351, 0,
3023, 19, 48, 1352, 0,
3028, 19, 47, 1353, 0,
3038, 19, 46, 1354, 0,
3047, 19, 45, 1355, 0,
3051, 19, 44, 1356, 0,
3060, 19, 43, 1357, 0,
3063, 19, 42, 1358, 0,
3065, 19, 41, 1359, 0,
3067, 19, 40, 1360, 0,
3070, 19, 39, 1361, 0,
3075, 19, 38, 1362, 0,
3079, 19, 37, 1363, 0,
3081, 19, 36, 1364, 0,
3086, 19, 35, 1365, 0,
3090, 19, 34, 1366, 0,
3092, 19, 33, 1367, 0,
3101, 19, 32, 1368, 0,
3106, 19, 31, 1369, 0,
3112, 19, 30, 1370, 0,
3117, 19, 29, 1371, 0,
3124, 19, 28, 1372, 0,
3140, 19, 27, 1373, 0,
3141, 19, 26, 1374, 0,
3144, 19, 25, 1375, 0,
3145, 19, 24, 1376, 0,
3150, 19, 23, 1377, 0,
3155, 19, 22, 1378, 0,
3156, 19, 21, 1379, 0,
3161, 19, 20, 1380, 0,
3166, 19, 19, 1381, 0,
3178, 19, 18, 1382, 0,
3180, 19, 17, 1383, 0,
3185, 19, 16, 1384, 0,
3189, 19, 15, 1385, 0,
3194, 19, 14, 1386, 0,
3198, 19, 13, 1387, 0,
3203, 19, 12, 1388, 0,
3206, 19, 11, 1389, 0,
3210, 19, 10, 1390, 0,
3212, 19, 9, 1391, 0,
3216, 19, 8, 1392, 0,
3220, 19, 7, 1393, 0,
3225, 19, 6, 1394, 0,
3227, 19, 5, 1395, 0,
3230, 19, 4, 1396, 0,
3234, 19, 3, 1397, 0,
3236, 19, 2, 1398, 0,
3241, 19, 1, 1399, 0,
3246, 19, 0, 1400, 0,
